user_genome	classification	fastani_reference	fastani_reference_radius	fastani_taxonomy	fastani_ani	fastani_af	closest_placement_reference	closest_placement_radius	closest_placement_taxonomy	closest_placement_ani	closest_placement_af	pplacer_taxonomy	classification_method	note	other_related_references(genome_id,species_name,radius,ANI,AF)	aa_percent	translation_table	red_value	warnings
MAG21	d__Bacteria;p__Firmicutes;c__Bacilli;o__Lactobacillales;f__Lactobacillaceae;g__Leuconostoc;s__Leuconostoc citreum	GCF_004354555.1	95.0	d__Bacteria;p__Firmicutes;c__Bacilli;o__Lactobacillales;f__Lactobacillaceae;g__Leuconostoc;s__Leuconostoc citreum	99.38	0.97	GCF_004354555.1	95.0	d__Bacteria;p__Firmicutes;c__Bacilli;o__Lactobacillales;f__Lactobacillaceae;g__Leuconostoc;s__Leuconostoc citreum	99.38	0.97	d__Bacteria;p__Firmicutes;c__Bacilli;o__Lactobacillales;f__Lactobacillaceae;g__Leuconostoc;s__	taxonomic classification defined by topology and ANI	topological placement and ANI have congruent species assignments	GCF_002092595.1, s__Leuconostoc lactis_A, 95.0, 79.97, 0.39; GCF_001698145.1, s__Leuconostoc lactis, 95.0, 79.95, 0.38; GCF_000300135.1, s__Leuconostoc carnosum, 95.0, 79.34, 0.38; GCF_000297375.1, s__Leuconostoc pseudomesenteroides, 95.0, 79.33, 0.29; GCF_000014445.1, s__Leuconostoc mesenteroides, 95.0, 79.25, 0.29; GCF_000092505.1, s__Leuconostoc kimchii, 95.0, 79.23, 0.43; GCF_006382035.1, s__Leuconostoc pseudomesenteroides_A, 95.0, 79.11, 0.32; GCF_000166735.1, s__Leuconostoc inhae, 95.0, 79.08, 0.36; GCF_001891125.1, s__Leuconostoc suionicum, 95.0, 79.06, 0.28; GCA_900554745.1, s__Leuconostoc sp900554745, 95.0, 79.0, 0.26; GCF_000166715.1, s__Leuconostoc gelidum, 95.0, 78.99, 0.43; GCF_000165675.1, s__Leuconostoc fallax, 95.0, 78.49, 0.18	72.12	11	N/A	N/A
MAG16	d__Bacteria;p__Firmicutes;c__Bacilli;o__Bacillales;f__Bacillaceae;g__Bacillus;s__Bacillus inaquosorum	GCA_000332645.1	95.0	d__Bacteria;p__Firmicutes;c__Bacilli;o__Bacillales;f__Bacillaceae;g__Bacillus;s__Bacillus inaquosorum	98.76	0.94	GCA_000332645.1	95.0	d__Bacteria;p__Firmicutes;c__Bacilli;o__Bacillales;f__Bacillaceae;g__Bacillus;s__Bacillus inaquosorum	98.76	0.94	d__Bacteria;p__Firmicutes;c__Bacilli;o__Bacillales;f__Bacillaceae;g__Bacillus;s__	taxonomic classification defined by topology and ANI	topological placement and ANI have congruent species assignments	GCA_001274925.1, s__Bacillus marinus, 95.0, 94.28, 0.9; GCF_001939535.1, s__Bacillus licheniformis_A, 95.0, 93.54, 0.9; GCF_002153395.1, s__Bacillus subtilis_G, 95.0, 93.08, 0.89; GCF_000009045.1, s__Bacillus subtilis, 95.0, 92.68, 0.89; GCF_000507145.1, s__Bacillus tequilensis, 95.0, 92.36, 0.87; GCF_004116955.1, s__Bacillus vallismortis, 95.0, 92.04, 0.87; GCF_001517105.1, s__Bacillus halotolerans, 95.47, 88.51, 0.87; GCF_000245335.1, s__Bacillus mojavensis, 95.47, 88.2, 0.89; GCF_001584335.1, s__Bacillus atrophaeus, 95.0, 82.03, 0.66; GCF_000262045.1, s__Bacillus siamensis, 95.0, 81.21, 0.54; GCF_000196735.1, s__Bacillus amyloliquefaciens, 95.0, 81.0, 0.53; GCF_001584325.1, s__Bacillus nakamurai, 95.0, 80.92, 0.57; GCF_001461825.1, s__Bacillus velezensis, 95.0, 80.9, 0.52; GCF_001969815.1, s__Bacillus swezeyi, 95.0, 78.86, 0.28; GCF_001592005.1, s__Bacillus sonorensis, 95.0, 78.64, 0.29; GCF_001042475.2, s__Bacillus glycinifermentans, 95.0, 78.56, 0.25; GCF_900166645.1, s__Bacillus sonorensis_A, 95.0, 78.51, 0.24; GCF_001969855.1, s__Bacillus haynesii, 95.46, 78.47, 0.25; GCF_001042485.2, s__Bacillus paralicheniformis, 95.08, 78.36, 0.27; GCF_000691165.1, s__Bacillus safensis, 95.0, 78.27, 0.17; GCF_900186955.1, s__Bacillus pumilus, 95.0, 78.25, 0.17; GCF_000011645.1, s__Bacillus licheniformis, 95.46, 78.23, 0.26; GCF_000715205.1, s__Bacillus zhangzhouensis, 95.0, 78.12, 0.17; GCA_001938995.1, s__Bacillus pumilus_G, 95.0, 78.08, 0.17; GCF_001307105.1, s__Bacillus australimaris, 95.0, 78.06, 0.18; GCA_003431975.1, s__Bacillus pumilus_N, 95.0, 78.03, 0.16; GCF_000300535.1, s__Bacillus xiamenensis, 95.0, 77.97, 0.19; GCF_002744245.1, s__Bacillus pumilus_M, 95.0, 77.96, 0.18; GCF_000691145.1, s__Bacillus altitudinis, 95.0, 77.88, 0.19; GCF_001278705.1, s__Bacillus gobiensis, 95.0, 77.81, 0.11	96.01	11	N/A	N/A
MAG09	d__Bacteria;p__Firmicutes;c__Bacilli;o__Bacillales;f__Bacillaceae;g__Bacillus;s__Bacillus velezensis	GCF_001461825.1	95.0	d__Bacteria;p__Firmicutes;c__Bacilli;o__Bacillales;f__Bacillaceae;g__Bacillus;s__Bacillus velezensis	99.26	0.99	GCF_001461825.1	95.0	d__Bacteria;p__Firmicutes;c__Bacilli;o__Bacillales;f__Bacillaceae;g__Bacillus;s__Bacillus velezensis	99.26	0.99	d__Bacteria;p__Firmicutes;c__Bacilli;o__Bacillales;f__Bacillaceae;g__Bacillus;s__	taxonomic classification defined by topology and ANI	topological placement and ANI have congruent species assignments	GCF_000262045.1, s__Bacillus siamensis, 95.0, 94.6, 0.94; GCF_000196735.1, s__Bacillus amyloliquefaciens, 95.0, 94.36, 0.93; GCF_001584325.1, s__Bacillus nakamurai, 95.0, 86.96, 0.85; GCF_001517105.1, s__Bacillus halotolerans, 95.47, 81.0, 0.57; GCF_001939535.1, s__Bacillus licheniformis_A, 95.0, 80.94, 0.59; GCA_001274925.1, s__Bacillus marinus, 95.0, 80.92, 0.57; GCF_000507145.1, s__Bacillus tequilensis, 95.0, 80.91, 0.55; GCA_000332645.1, s__Bacillus inaquosorum, 95.0, 80.9, 0.57; GCF_000009045.1, s__Bacillus subtilis, 95.0, 80.83, 0.55; GCF_002153395.1, s__Bacillus subtilis_G, 95.0, 80.74, 0.56; GCF_004116955.1, s__Bacillus vallismortis, 95.0, 80.67, 0.54; GCF_000245335.1, s__Bacillus mojavensis, 95.47, 80.66, 0.58; GCF_001584335.1, s__Bacillus atrophaeus, 95.0, 80.47, 0.59; GCF_900166645.1, s__Bacillus sonorensis_A, 95.0, 78.3, 0.28; GCF_001969855.1, s__Bacillus haynesii, 95.46, 78.24, 0.27; GCF_001042485.2, s__Bacillus paralicheniformis, 95.08, 78.24, 0.29; GCF_001042475.2, s__Bacillus glycinifermentans, 95.0, 78.22, 0.3; GCF_001969815.1, s__Bacillus swezeyi, 95.0, 78.22, 0.28; GCF_001592005.1, s__Bacillus sonorensis, 95.0, 78.22, 0.28; GCF_000011645.1, s__Bacillus licheniformis, 95.46, 78.15, 0.3; GCF_000691165.1, s__Bacillus safensis, 95.0, 78.14, 0.17; GCF_001307105.1, s__Bacillus australimaris, 95.0, 78.12, 0.18; GCF_002744245.1, s__Bacillus pumilus_M, 95.0, 78.07, 0.16; GCF_900186955.1, s__Bacillus pumilus, 95.0, 77.91, 0.17; GCF_000300535.1, s__Bacillus xiamenensis, 95.0, 77.84, 0.17; GCF_000715205.1, s__Bacillus zhangzhouensis, 95.0, 77.79, 0.17; GCF_000691145.1, s__Bacillus altitudinis, 95.0, 77.77, 0.18; GCA_003431975.1, s__Bacillus pumilus_N, 95.0, 77.76, 0.18; GCA_001938995.1, s__Bacillus pumilus_G, 95.0, 77.68, 0.15; GCF_001278705.1, s__Bacillus gobiensis, 95.0, 77.37, 0.11	95.95	11	N/A	N/A
MAG11	d__Bacteria;p__Firmicutes;c__Bacilli;o__Bacillales;f__Bacillaceae;g__Bacillus;s__Bacillus paralicheniformis	GCF_001042485.2	95.08	d__Bacteria;p__Firmicutes;c__Bacilli;o__Bacillales;f__Bacillaceae;g__Bacillus;s__Bacillus paralicheniformis	99.24	0.98	GCF_001042485.2	95.08	d__Bacteria;p__Firmicutes;c__Bacilli;o__Bacillales;f__Bacillaceae;g__Bacillus;s__Bacillus paralicheniformis	99.24	0.98	d__Bacteria;p__Firmicutes;c__Bacilli;o__Bacillales;f__Bacillaceae;g__Bacillus;s__	taxonomic classification defined by topology and ANI	topological placement and ANI have congruent species assignments	GCF_001969855.1, s__Bacillus haynesii, 95.46, 95.08, 0.91; GCF_000011645.1, s__Bacillus licheniformis, 95.46, 94.4, 0.9; GCF_001969815.1, s__Bacillus swezeyi, 95.0, 83.75, 0.77; GCF_900166645.1, s__Bacillus sonorensis_A, 95.0, 83.55, 0.76; GCF_001592005.1, s__Bacillus sonorensis, 95.0, 82.9, 0.71; GCF_001042475.2, s__Bacillus glycinifermentans, 95.0, 82.54, 0.68; GCA_001274925.1, s__Bacillus marinus, 95.0, 78.7, 0.24; GCF_001939535.1, s__Bacillus licheniformis_A, 95.0, 78.68, 0.25; GCA_000332645.1, s__Bacillus inaquosorum, 95.0, 78.62, 0.24; GCF_002153395.1, s__Bacillus subtilis_G, 95.0, 78.55, 0.25; GCF_001517105.1, s__Bacillus halotolerans, 95.47, 78.52, 0.25; GCF_000196735.1, s__Bacillus amyloliquefaciens, 95.0, 78.49, 0.25; GCF_004116955.1, s__Bacillus vallismortis, 95.0, 78.49, 0.23; GCF_000009045.1, s__Bacillus subtilis, 95.0, 78.49, 0.22; GCF_001584335.1, s__Bacillus atrophaeus, 95.0, 78.44, 0.25; GCF_000507145.1, s__Bacillus tequilensis, 95.0, 78.43, 0.24; GCF_000262045.1, s__Bacillus siamensis, 95.0, 78.24, 0.26; GCF_001461825.1, s__Bacillus velezensis, 95.0, 78.22, 0.24; GCF_000245335.1, s__Bacillus mojavensis, 95.47, 78.2, 0.26; GCF_001584325.1, s__Bacillus nakamurai, 95.0, 78.06, 0.27; GCF_002744245.1, s__Bacillus pumilus_M, 95.0, 77.97, 0.15; GCA_003431975.1, s__Bacillus pumilus_N, 95.0, 77.84, 0.13; GCF_000691165.1, s__Bacillus safensis, 95.0, 77.64, 0.16; GCA_001938995.1, s__Bacillus pumilus_G, 95.0, 77.64, 0.16; GCF_000715205.1, s__Bacillus zhangzhouensis, 95.0, 77.59, 0.16; GCF_000691145.1, s__Bacillus altitudinis, 95.0, 77.53, 0.16; GCF_900186955.1, s__Bacillus pumilus, 95.0, 77.52, 0.16; GCF_000300535.1, s__Bacillus xiamenensis, 95.0, 77.47, 0.16; GCF_001307105.1, s__Bacillus australimaris, 95.0, 77.38, 0.15; GCF_001278705.1, s__Bacillus gobiensis, 95.0, 76.91, 0.11	95.97	11	N/A	N/A
MAG25	d__Bacteria;p__Firmicutes;c__Bacilli;o__Bacillales;f__Bacillaceae_H;g__Bacillus_C;s__Bacillus_C megaterium	GCF_000832985.1	95.53	d__Bacteria;p__Firmicutes;c__Bacilli;o__Bacillales;f__Bacillaceae_H;g__Bacillus_C;s__Bacillus_C megaterium	99.19	0.97	GCF_000832985.1	95.53	d__Bacteria;p__Firmicutes;c__Bacilli;o__Bacillales;f__Bacillaceae_H;g__Bacillus_C;s__Bacillus_C megaterium	99.19	0.97	d__Bacteria;p__Firmicutes;c__Bacilli;o__Bacillales;f__Bacillaceae_H;g__Bacillus_C;s__	taxonomic classification defined by topology and ANI	topological placement and ANI have congruent species assignments	GCF_006455245.1, s__Bacillus_C megaterium_A, 95.51, 95.8, 0.94; GCF_000956595.1, s__Bacillus_C aryabhattai, 95.53, 95.77, 0.93; GCF_001591565.1, s__Bacillus_C flexus, 95.0, 79.4, 0.33; GCF_002265635.1, s__Bacillus_C aryabhattai_A, 95.0, 79.31, 0.31	93.25	11	N/A	N/A
MAG27	d__Bacteria;p__Firmicutes;c__Bacilli;o__Brevibacillales;f__Brevibacillaceae;g__Brevibacillus;s__Brevibacillus reuszeri_A	GCF_002897295.1	95.0	d__Bacteria;p__Firmicutes;c__Bacilli;o__Brevibacillales;f__Brevibacillaceae;g__Brevibacillus;s__Brevibacillus reuszeri_A	98.67	0.93	GCF_002897295.1	95.0	d__Bacteria;p__Firmicutes;c__Bacilli;o__Brevibacillales;f__Brevibacillaceae;g__Brevibacillus;s__Brevibacillus reuszeri_A	98.67	0.93	d__Bacteria;p__Firmicutes;c__Bacilli;o__Brevibacillales;f__Brevibacillaceae;g__Brevibacillus;s__	taxonomic classification defined by topology and ANI	topological placement and ANI have congruent species assignments	GCF_001187725.1, s__Brevibacillus reuszeri, 95.0, 87.4, 0.83; GCF_001039275.2, s__Brevibacillus brevis_C, 95.0, 80.33, 0.36; GCF_900637055.1, s__Brevibacillus brevis, 95.0, 80.25, 0.37; GCF_003013405.1, s__Brevibacillus formosus, 95.0, 80.25, 0.37; GCF_000296715.2, s__Brevibacillus brevis_B, 95.0, 80.25, 0.36; GCF_000010165.1, s__Brevibacillus brevis_D, 95.0, 80.19, 0.37; GCF_005217615.1, s__Brevibacillus sp005217615, 95.0, 80.12, 0.35; GCF_003013395.1, s__Brevibacillus sp003013395, 95.0, 80.11, 0.35; GCF_000282075.1, s__Brevibacillus sp000282075, 95.0, 80.09, 0.37; GCF_003710905.1, s__Brevibacillus parabrevis, 95.0, 80.09, 0.38; GCF_001420695.1, s__Brevibacillus choshinensis, 95.0, 80.02, 0.37; GCF_004117055.1, s__Brevibacillus agri, 95.0, 79.99, 0.41; GCF_003710935.1, s__Brevibacillus gelatini, 95.0, 79.9, 0.4; GCF_003710815.1, s__Brevibacillus centrosporus, 95.0, 79.74, 0.36; GCF_000503775.1, s__Brevibacillus panacihumi_A, 95.0, 79.16, 0.26; GCF_003710985.1, s__Brevibacillus panacihumi, 95.0, 78.99, 0.28; GCF_003710915.1, s__Brevibacillus invocatus, 95.0, 78.99, 0.32; GCF_003710865.1, s__Brevibacillus borstelensis, 95.0, 77.84, 0.18; GCF_000454065.1, s__Brevibacillus thermoruber, 95.0, 77.64, 0.17; GCA_003388715.1, s__Brevibacillus sp003388715, 95.0, 77.44, 0.2	90.36	11	N/A	N/A
MAG06	d__Bacteria;p__Actinobacteriota;c__Actinomycetia;o__Actinomycetales;f__Micrococcaceae;g__Glutamicibacter;s__Glutamicibacter sp004320535	GCF_004320535.1	95.0	d__Bacteria;p__Actinobacteriota;c__Actinomycetia;o__Actinomycetales;f__Micrococcaceae;g__Glutamicibacter;s__Glutamicibacter sp004320535	98.3	0.94	GCF_004320535.1	95.0	d__Bacteria;p__Actinobacteriota;c__Actinomycetia;o__Actinomycetales;f__Micrococcaceae;g__Glutamicibacter;s__Glutamicibacter sp004320535	98.3	0.94	d__Bacteria;p__Actinobacteriota;c__Actinomycetia;o__Actinomycetales;f__Micrococcaceae;g__Glutamicibacter;s__	taxonomic classification defined by topology and ANI	topological placement and ANI have congruent species assignments	GCF_001512275.1, s__Glutamicibacter sp001512275, 95.0, 83.39, 0.74; GCF_900094805.1, s__Glutamicibacter sp900094805, 95.0, 82.4, 0.72; GCF_001302565.1, s__Glutamicibacter halophytocola, 95.0, 82.25, 0.72; GCF_000197735.1, s__Glutamicibacter arilaitensis, 95.0, 81.31, 0.59; GCF_002979865.1, s__Glutamicibacter sp002979865, 95.0, 81.19, 0.58; GCF_006539525.1, s__Glutamicibacter nicotianae, 95.0, 80.73, 0.58; GCF_006539925.1, s__Glutamicibacter uratoxydans, 95.0, 79.84, 0.41; GCF_002332285.1, s__Glutamicibacter sp002332285, 95.0, 79.77, 0.37; GCF_002975405.1, s__Glutamicibacter sp002975405, 95.0, 79.73, 0.39; GCF_003309065.1, s__Glutamicibacter soli, 95.0, 79.53, 0.45; GCF_002979915.1, s__Glutamicibacter sp002979915, 95.0, 79.5, 0.39; GCA_003486025.1, s__Glutamicibacter sp003486025, 95.0, 79.16, 0.28; GCF_006094275.1, s__Glutamicibacter creatinolyticus, 95.0, 78.55, 0.28	62.44	11	N/A	N/A
MAG15	d__Bacteria;p__Proteobacteria;c__Gammaproteobacteria;o__Pseudomonadales;f__Pseudomonadaceae;g__Pseudomonas_E;s__Pseudomonas_E fluorescens	GCF_900215245.1	95.0	d__Bacteria;p__Proteobacteria;c__Gammaproteobacteria;o__Pseudomonadales;f__Pseudomonadaceae;g__Pseudomonas_E;s__Pseudomonas_E fluorescens	99.99	1.0	GCF_900215245.1	95.0	d__Bacteria;p__Proteobacteria;c__Gammaproteobacteria;o__Pseudomonadales;f__Pseudomonadaceae;g__Pseudomonas_E;s__Pseudomonas_E fluorescens	99.99	1.0	d__Bacteria;p__Proteobacteria;c__Gammaproteobacteria;o__Pseudomonadales;f__Pseudomonadaceae;g__Pseudomonas_E;s__	taxonomic classification defined by topology and ANI	topological placement and ANI have congruent species assignments	GCF_001647715.1, s__Pseudomonas_E antarctica_A, 95.0, 94.68, 0.88; GCF_002263605.1, s__Pseudomonas_E sp002263605, 95.0, 89.69, 0.8; GCF_900624995.1, s__Pseudomonas_E antarctica, 95.0, 89.54, 0.77; GCF_005938045.1, s__Pseudomonas_E sp005938045, 95.0, 89.47, 0.82; GCF_900107155.1, s__Pseudomonas_E salomonii, 95.0, 89.41, 0.83; GCF_003852315.1, s__Pseudomonas_E sp003014915, 95.0, 89.36, 0.83; GCF_002742565.1, s__Pseudomonas_E sp002742565, 95.0, 89.35, 0.85; GCF_002251635.1, s__Pseudomonas_E mandelii_B, 95.0, 88.8, 0.62; GCF_003208475.1, s__Pseudomonas_E sp003208475, 95.0, 88.78, 0.8; GCF_001870435.1, s__Pseudomonas_E costantinii, 95.0, 88.63, 0.81; GCF_900580675.1, s__Pseudomonas_E sp900580675, 95.0, 88.52, 0.74; GCF_003097075.1, s__Pseudomonas_E sp003097075, 95.0, 88.44, 0.77; GCF_900591205.1, s__Pseudomonas_E sp900591205, 95.0, 88.39, 0.79; GCF_002022275.1, s__Pseudomonas_E fluorescens_AJ, 95.0, 88.38, 0.81; GCF_001050345.1, s__Pseudomonas_E sp001050345, 95.0, 88.32, 0.77; GCF_000612585.1, s__Pseudomonas_E sp000612585, 95.0, 88.24, 0.76; GCF_003612935.1, s__Pseudomonas_E sp003013355, 95.0, 88.22, 0.8; GCF_002843605.1, s__Pseudomonas_E sp002843605, 95.0, 88.19, 0.78; GCF_006517195.1, s__Pseudomonas_E poae_B, 95.0, 88.19, 0.78; GCF_900101085.1, s__Pseudomonas_E grimontii, 95.0, 88.18, 0.77; GCF_001269925.1, s__Pseudomonas_E sp001269925, 95.0, 88.18, 0.76; GCF_002813445.1, s__Pseudomonas_E tolaasii, 95.0, 88.18, 0.79; GCF_000346755.1, s__Pseudomonas_E sp000346755, 95.0, 88.17, 0.72; GCF_003852405.1, s__Pseudomonas_E sp003852405, 95.0, 88.08, 0.74; GCF_900103345.1, s__Pseudomonas_E azotoformans, 95.0, 87.99, 0.79; GCF_001439695.1, s__Pseudomonas_E veronii, 95.0, 87.96, 0.75; GCF_001645105.1, s__Pseudomonas_E marginalis, 95.0, 87.94, 0.77; GCF_002007785.1, s__Pseudomonas_E azotoformans_B, 95.0, 87.93, 0.79; GCF_000801895.1, s__Pseudomonas_E fluorescens_AH, 95.0, 87.91, 0.75; GCF_001579805.1, s__Pseudomonas_E azotoformans_A, 95.0, 87.91, 0.77; GCF_001708445.1, s__Pseudomonas_E fluorescens_AN, 95.0, 87.87, 0.77; GCF_002563895.1, s__Pseudomonas_E lurida, 95.0, 87.87, 0.78; GCF_002269425.1, s__Pseudomonas_E sp002269425, 95.0, 87.86, 0.77; GCF_000503215.1, s__Pseudomonas_E canadensis, 95.0, 87.84, 0.77; GCF_003290225.1, s__Pseudomonas_E sp003290225, 95.0, 87.83, 0.75; GCF_001186335.1, s__Pseudomonas_E trivialis_B, 95.0, 87.83, 0.76; GCF_001870465.1, s__Pseudomonas_E extremorientalis, 95.0, 87.81, 0.77; GCF_002723595.1, s__Pseudomonas_E sp002723595, 95.0, 87.79, 0.72; GCF_004682045.1, s__Pseudomonas_E nabeulensis, 95.0, 87.68, 0.72; GCF_003031675.1, s__Pseudomonas_E palleroniana, 95.0, 87.67, 0.77; GCF_900111895.1, s__Pseudomonas_E simiae, 95.0, 87.63, 0.78; GCF_900102035.1, s__Pseudomonas_E extremaustralis, 95.0, 87.62, 0.72; GCF_900005815.1, s__Pseudomonas_E sp900005815, 95.0, 87.56, 0.72; GCF_900187495.1, s__Pseudomonas_E sp900187495, 95.0, 87.53, 0.74; GCF_004519405.1, s__Pseudomonas_E sp004519405, 95.0, 87.52, 0.78; GCF_002022265.1, s__Pseudomonas_E fluorescens_C, 95.0, 87.49, 0.74; GCF_004682055.1, s__Pseudomonas_E kairouanensis, 95.0, 87.48, 0.73; GCA_004000515.1, s__Pseudomonas_E sp002255865, 95.0, 87.47, 0.76; GCF_000263715.2, s__Pseudomonas_E synxantha_A, 95.0, 87.42, 0.75; GCF_002979555.1, s__Pseudomonas_E sp002979555, 95.0, 87.42, 0.71; GCF_001439845.1, s__Pseudomonas_E lactis, 95.0, 87.41, 0.75; GCF_003852235.1, s__Pseudomonas_E sp003852235, 95.0, 87.41, 0.72; GCF_003851685.1, s__Pseudomonas_E sp003851685, 95.0, 87.39, 0.75; GCF_001439685.1, s__Pseudomonas_E libanensis, 95.7, 87.38, 0.74; GCF_001983175.1, s__Pseudomonas_E cedrina, 95.0, 87.37, 0.73; GCF_002966775.1, s__Pseudomonas_E sp002966775, 95.0, 87.37, 0.74; GCF_900105675.1, s__Pseudomonas_E synxantha, 95.7, 87.35, 0.74; GCF_003851495.1, s__Pseudomonas_E fluorescens_BB, 95.39, 87.27, 0.75; GCF_001439735.1, s__Pseudomonas_E paralactis, 95.0, 87.25, 0.72; GCF_001439815.1, s__Pseudomonas_E orientalis, 95.0, 87.22, 0.73; GCF_900583165.1, s__Pseudomonas_E sp900583165, 95.0, 87.18, 0.7; GCF_002837185.1, s__Pseudomonas_E fluorescens_AM, 95.0, 87.17, 0.73; GCF_002934065.1, s__Pseudomonas_E orientalis_A, 95.0, 87.17, 0.74; GCF_000242655.1, s__Pseudomonas_E sp000242655, 95.0, 86.96, 0.76; GCF_002204795.1, s__Pseudomonas_E sp002204795, 95.0, 86.95, 0.76; GCF_001439805.1, s__Pseudomonas_E trivialis, 95.0, 86.92, 0.71; GCF_002874965.1, s__Pseudomonas_E sp002874965, 95.0, 86.84, 0.78; GCF_900105735.1, s__Pseudomonas_E yamanorum, 95.0, 86.76, 0.79; GCF_001439785.1, s__Pseudomonas_E poae, 95.0, 86.73, 0.69; GCF_001952855.1, s__Pseudomonas_E sp001952855, 95.0, 86.71, 0.77; GCF_900105575.1, s__Pseudomonas_E rhodesiae, 95.0, 86.6, 0.73; GCA_002383725.1, s__Pseudomonas_E sp002383725, 95.0, 86.52, 0.75; GCF_003626995.1, s__Pseudomonas_E fluorescens_BA, 95.0, 86.06, 0.69; GCF_001983165.1, s__Pseudomonas_E gessardii, 95.0, 86.02, 0.67; GCF_900105815.1, s__Pseudomonas_E brenneri_B, 95.0, 85.98, 0.67; GCF_900105955.1, s__Pseudomonas_E proteolytica_A, 95.0, 85.96, 0.69; GCF_000730425.1, s__Pseudomonas_E fluorescens_X, 95.0, 85.59, 0.65; GCF_900106045.1, s__Pseudomonas_E mucidolens, 95.0, 84.77, 0.63; GCF_002967995.1, s__Pseudomonas_E frederiksbergensis_D, 95.0, 83.62, 0.6; GCF_900187635.1, s__Pseudomonas_E sp900187635, 95.0, 83.61, 0.55; GCF_002018875.1, s__Pseudomonas_E sp002018875, 95.0, 83.57, 0.65; GCF_900187645.1, s__Pseudomonas_E sp900187645, 95.0, 83.54, 0.57; GCF_000282195.1, s__Pseudomonas_E sp000282195, 95.0, 83.49, 0.59; GCF_001655615.1, s__Pseudomonas_E sp001655615, 95.0, 83.46, 0.6; GCF_900109995.1, s__Pseudomonas_E sp900109995, 95.0, 83.43, 0.57; GCF_900187505.1, s__Pseudomonas_E sp900187505, 95.0, 83.42, 0.55; GCF_001984065.1, s__Pseudomonas_E sp001984065, 95.0, 83.4, 0.56; GCF_003731765.1, s__Pseudomonas_E chlororaphis_G, 95.0, 83.4, 0.62; GCF_001874645.1, s__Pseudomonas_E frederiksbergensis_B, 95.0, 83.38, 0.52; GCF_003732225.1, s__Pseudomonas_E brassicacearum_E, 95.0, 83.37, 0.55; GCF_004348895.1, s__Pseudomonas_E vancouverensis, 95.0, 83.27, 0.56; GCF_900102045.1, s__Pseudomonas_E moorei_A, 95.0, 83.26, 0.56; GCF_001238485.1, s__Pseudomonas_E syringae_E, 95.0, 83.24, 0.57; GCF_000217955.2, s__Pseudomonas_E fluorescens_AQ, 95.0, 83.22, 0.52; GCF_001307155.1, s__Pseudomonas_E fluorescens_E, 95.0, 83.2, 0.57; GCF_002286815.1, s__Pseudomonas_E sp002286815, 95.0, 83.17, 0.55; GCF_002356535.1, s__Pseudomonas_E sp002356535, 95.0, 83.16, 0.55; GCF_002980155.1, s__Pseudomonas_E sp002980155, 95.0, 83.11, 0.53; GCF_900187565.1, s__Pseudomonas_E sp900187565, 95.0, 83.09, 0.58	96.29	11	N/A	N/A
MAG05	d__Bacteria;p__Proteobacteria;c__Gammaproteobacteria;o__Pseudomonadales;f__Pseudomonadaceae;g__Pseudomonas;s__Pseudomonas aeruginosa	GCF_001457615.1	95.0	d__Bacteria;p__Proteobacteria;c__Gammaproteobacteria;o__Pseudomonadales;f__Pseudomonadaceae;g__Pseudomonas;s__Pseudomonas aeruginosa	99.23	0.93	GCF_001457615.1	95.0	d__Bacteria;p__Proteobacteria;c__Gammaproteobacteria;o__Pseudomonadales;f__Pseudomonadaceae;g__Pseudomonas;s__Pseudomonas aeruginosa	99.23	0.93	d__Bacteria;p__Proteobacteria;c__Gammaproteobacteria;o__Pseudomonadales;f__Pseudomonadaceae;g__Pseudomonas;s__	taxonomic classification defined by topology and ANI	topological placement and ANI have congruent species assignments	GCF_000017205.1, s__Pseudomonas aeruginosa_A, 95.0, 93.92, 0.88; GCF_900187975.1, s__Pseudomonas delhiensis, 95.08, 84.73, 0.63; GCF_900103845.1, s__Pseudomonas jinjuensis, 95.0, 84.64, 0.57; GCF_900112375.1, s__Pseudomonas citronellolis, 95.08, 84.62, 0.63; GCF_000349845.1, s__Pseudomonas sp000349845, 95.0, 84.08, 0.62; GCF_000689415.1, s__Pseudomonas knackmussii, 95.0, 83.83, 0.56; GCA_002452115.1, s__Pseudomonas nitroreducens_B, 95.0, 83.76, 0.59; GCF_900099785.1, s__Pseudomonas panipatensis, 95.0, 83.74, 0.57; GCF_000955805.1, s__Pseudomonas sp000955805, 95.0, 83.69, 0.6; GCF_002079985.1, s__Pseudomonas sp002079985, 95.0, 83.64, 0.62; GCF_002091755.1, s__Pseudomonas nitroreducens, 95.0, 83.53, 0.59; GCA_002796985.1, s__Pseudomonas sp002796985, 95.0, 83.52, 0.57; GCF_000313755.1, s__Pseudomonas nitroreducens_A, 95.0, 83.41, 0.59; GCF_005877905.1, s__Pseudomonas sp005877905, 95.0, 83.29, 0.59	93.47	11	N/A	N/A
MAG20	d__Bacteria;p__Proteobacteria;c__Alphaproteobacteria;o__Rhodobacterales;f__Rhodobacteraceae;g__Cereibacter;s__Cereibacter sphaeroides	GCF_000012905.2	95.17	d__Bacteria;p__Proteobacteria;c__Alphaproteobacteria;o__Rhodobacterales;f__Rhodobacteraceae;g__Cereibacter;s__Cereibacter sphaeroides	99.92	0.95	GCF_000012905.2	95.17	d__Bacteria;p__Proteobacteria;c__Alphaproteobacteria;o__Rhodobacterales;f__Rhodobacteraceae;g__Cereibacter;s__Cereibacter sphaeroides	99.92	0.95	d__Bacteria;p__Proteobacteria;c__Alphaproteobacteria;o__Rhodobacterales;f__Rhodobacteraceae;g__Cereibacter;s__	taxonomic classification defined by topology and ANI	topological placement and ANI have congruent species assignments	GCF_001720585.1, s__Cereibacter johrii, 95.17, 95.2, 0.91; GCF_003050905.1, s__Cereibacter azotoformans, 95.0, 87.23, 0.75; GCF_002407205.1, s__Cereibacter sp002407205, 95.0, 85.14, 0.73; GCF_900207575.1, s__Cereibacter ovatus, 95.0, 83.2, 0.61; GCF_003034985.1, s__Cereibacter changlensis, 95.0, 82.63, 0.63	94.48	11	N/A	N/A
MAG02	d__Bacteria;p__Bacteroidota;c__Bacteroidia;o__Flavobacteriales;f__Flavobacteriaceae;g__Imtechella;s__Imtechella halotolerans	GCF_000260835.1	95.0	d__Bacteria;p__Bacteroidota;c__Bacteroidia;o__Flavobacteriales;f__Flavobacteriaceae;g__Imtechella;s__Imtechella halotolerans	99.98	0.93	GCF_000260835.1	95.0	d__Bacteria;p__Bacteroidota;c__Bacteroidia;o__Flavobacteriales;f__Flavobacteriaceae;g__Imtechella;s__Imtechella halotolerans	99.98	0.93	d__Bacteria;p__Bacteroidota;c__Bacteroidia;o__Flavobacteriales;f__Flavobacteriaceae;g__;s__	taxonomic classification defined by topology and ANI	topological placement and ANI have congruent species assignments	N/A	89.33	11	N/A	N/A
MAG10	d__Bacteria;p__Actinobacteriota;c__Actinomycetia;o__Actinomycetales;f__Microbacteriaceae;g__Homoserinimonas;s__	N/A	N/A	N/A	N/A	N/A	GCF_002929725.1	95.0	d__Bacteria;p__Actinobacteriota;c__Actinomycetia;o__Actinomycetales;f__Microbacteriaceae;g__Homoserinimonas;s__Homoserinimonas mesophilum	79.03	0.38	d__Bacteria;p__Actinobacteriota;c__Actinomycetia;o__Actinomycetales;f__Microbacteriaceae;g__Homoserinimonas;s__	taxonomic classification defined by topology and ANI	N/A	GCF_006716125.1, s__Homoserinimonas aerilata, 95.0, 78.66, 0.33; GCF_003065485.1, s__Homoserinimonas sp003065485, 95.0, 77.9, 0.23	92.16	11	0.9623928475432305	N/A
MAG24	d__Bacteria;p__Deinococcota;c__Deinococci;o__Deinococcales;f__Trueperaceae;g__;s__	N/A	N/A	N/A	N/A	N/A	N/A	N/A	N/A	N/A	N/A	d__Bacteria;p__Deinococcota;c__Deinococci;o__Deinococcales;f__Trueperaceae;g__;s__	taxonomic classification fully defined by topology	N/A	N/A	88.17	11	0.80414874245142	N/A
MAG13	d__Bacteria;p__Chloroflexota;c__Anaerolineae;o__Anaerolineales;f__UBA11579;g__;s__	N/A	N/A	N/A	N/A	N/A	N/A	N/A	N/A	N/A	N/A	d__Bacteria;p__Chloroflexota;c__Anaerolineae;o__Anaerolineales;f__;g__;s__	taxonomic novelty determined using RED	N/A	N/A	78.77	11	0.7944115013628505	N/A
MAG03	d__Bacteria;p__Chloroflexota;c__Anaerolineae;o__SBR1031;f__A4b;g__GCA-2702065;s__	N/A	N/A	N/A	N/A	N/A	GCA_002702065.1	95.0	d__Bacteria;p__Chloroflexota;c__Anaerolineae;o__SBR1031;f__A4b;g__GCA-2702065;s__GCA-2702065 sp002702065	75.64	0.15	d__Bacteria;p__Chloroflexota;c__Anaerolineae;o__SBR1031;f__A4b;g__;s__	taxonomic classification defined by topology and ANI	N/A	N/A	42.08	11	0.8815119158009228	N/A
MAG12	d__Bacteria;p__Armatimonadota;c__Fimbriimonadia;o__Fimbriimonadales;f__Fimbriimonadaceae;g__;s__	N/A	N/A	N/A	N/A	N/A	N/A	N/A	N/A	N/A	N/A	d__Bacteria;p__Armatimonadota;c__Fimbriimonadia;o__Fimbriimonadales;f__Fimbriimonadaceae;g__;s__	taxonomic classification fully defined by topology	N/A	N/A	89.27	11	0.7973397732577854	N/A
MAG07	d__Bacteria;p__Proteobacteria;c__Gammaproteobacteria;o__Xanthomonadales;f__UBA2363;g__Pseudofulvimonas;s__	N/A	N/A	N/A	N/A	N/A	GCF_004343305.1	95.0	d__Bacteria;p__Proteobacteria;c__Gammaproteobacteria;o__Xanthomonadales;f__UBA2363;g__Pseudofulvimonas;s__Pseudofulvimonas gallinarii	83.19	0.68	d__Bacteria;p__Proteobacteria;c__Gammaproteobacteria;o__Xanthomonadales;f__UBA2363;g__Pseudofulvimonas;s__	taxonomic classification defined by topology and ANI	N/A	GCA_002344355.1, s__Pseudofulvimonas sp002344355, 95.0, 81.05, 0.53	98.31	11	0.953962425822356	Genome not assigned to closest species as it falls outside its pre-defined ANI radius
MAG14	d__Bacteria;p__Proteobacteria;c__Gammaproteobacteria;o__Steroidobacterales;f__Steroidobacteraceae;g__UBA964;s__	N/A	N/A	N/A	N/A	N/A	GCA_002292945.1	95.0	d__Bacteria;p__Proteobacteria;c__Gammaproteobacteria;o__Steroidobacterales;f__Steroidobacteraceae;g__UBA964;s__UBA964 sp002292945	78.79	0.21	d__Bacteria;p__Proteobacteria;c__Gammaproteobacteria;o__Steroidobacterales;f__Steroidobacteraceae;g__;s__	taxonomic classification defined by topology and ANI	N/A	N/A	74.46	11	0.88479627414247	N/A
MAG26	d__Bacteria;p__Proteobacteria;c__Gammaproteobacteria;o__Burkholderiales;f__Burkholderiaceae;g__;s__	N/A	N/A	N/A	N/A	N/A	N/A	N/A	N/A	N/A	N/A	d__Bacteria;p__Proteobacteria;c__Gammaproteobacteria;o__Burkholderiales;f__Burkholderiaceae;g__;s__	taxonomic classification fully defined by topology	N/A	N/A	72.22	11	0.8456937490772638	N/A
MAG29	d__Bacteria;p__Proteobacteria;c__Gammaproteobacteria;o__Burkholderiales;f__Nitrosomonadaceae;g__Nitrosospira;s__	N/A	N/A	N/A	N/A	N/A	N/A	N/A	N/A	N/A	N/A	d__Bacteria;p__Proteobacteria;c__Gammaproteobacteria;o__Burkholderiales;f__Nitrosomonadaceae;g__Nitrosospira;s__	ANI	N/A	GCF_000196355.1, s__Nitrosospira multiformis, 95.0, 78.05, 0.26; GCF_900115125.1, s__Nitrosospira briensis_A, 95.0, 77.97, 0.29; GCF_003268875.1, s__Nitrosospira multiformis_E, 95.0, 77.9, 0.26; GCF_900111585.1, s__Nitrosospira multiformis_B, 95.0, 77.87, 0.26; GCF_003053905.1, s__Nitrosospira sp003053905, 95.0, 77.81, 0.29; GCF_900110495.1, s__Nitrosospira sp900110495, 95.0, 77.75, 0.29; GCF_900119085.1, s__Nitrosospira sp900119085, 95.0, 77.72, 0.27; GCF_900110185.1, s__Nitrosospira multiformis_A, 95.0, 77.71, 0.28; GCF_003633815.1, s__Nitrosospira sp003633815, 95.0, 77.69, 0.18; GCF_900142705.1, s__Nitrosospira sp900142705, 95.0, 77.66, 0.23; GCA_001899235.1, s__Nitrosospira sp001899235, 95.0, 77.55, 0.21; GCF_900103165.1, s__Nitrosospira multiformis_D, 95.0, 77.53, 0.26; GCF_003046405.1, s__Nitrosospira sp003046405, 95.0, 77.51, 0.27; GCF_900102495.1, s__Nitrosospira sp900102495, 95.0, 77.47, 0.23; GCF_000355765.4, s__Nitrosospira lacus, 95.0, 77.46, 0.24; GCF_000619905.2, s__Nitrosospira briensis, 95.0, 77.41, 0.26; GCF_000832065.1, s__Nitrosospira sp000832065, 95.0, 77.36, 0.25; GCF_900113575.1, s__Nitrosospira sp900113575, 95.0, 77.29, 0.21; GCF_900109785.1, s__Nitrosospira tenuis, 95.0, 77.1, 0.21; GCF_003050965.1, s__Nitrosospira sp003050965, 95.0, 77.06, 0.21	97.68	11	0.9510665452558462	N/A
MAG17	d__Bacteria;p__Proteobacteria;c__Alphaproteobacteria;o__Rhizobiales;f__Xanthobacteraceae;g__Nitrobacter;s__	N/A	N/A	N/A	N/A	N/A	GCF_006539545.1	95.0	d__Bacteria;p__Proteobacteria;c__Alphaproteobacteria;o__Rhizobiales;f__Xanthobacteraceae;g__Nitrobacter;s__Nitrobacter winogradskyi_A	93.26	0.75	d__Bacteria;p__Proteobacteria;c__Alphaproteobacteria;o__Rhizobiales;f__Xanthobacteraceae;g__Nitrobacter;s__	taxonomic classification defined by topology and ANI	N/A	GCF_000012725.1, s__Nitrobacter winogradskyi, 95.0, 92.65, 0.77; GCF_000152905.1, s__Nitrobacter sp000152905, 95.0, 87.87, 0.74; GCF_002028545.1, s__Nitrobacter vulgaris, 95.0, 86.68, 0.68; GCF_000013885.1, s__Nitrobacter hamburgensis, 95.0, 84.69, 0.67; GCA_001897285.1, s__Nitrobacter sp001897285, 95.0, 83.6, 0.6; GCA_001896955.1, s__Nitrobacter sp001896955, 95.0, 83.5, 0.62	95.95	11	0.9974899290128968	Genome not assigned to closest species as it falls outside its pre-defined ANI radius
MAG08	d__Bacteria;p__Proteobacteria;c__Alphaproteobacteria;o__Rhizobiales;f__Hyphomicrobiaceae;g__Ga0077555;s__	N/A	N/A	N/A	N/A	N/A	N/A	N/A	N/A	N/A	N/A	d__Bacteria;p__Proteobacteria;c__Alphaproteobacteria;o__Rhizobiales;f__Hyphomicrobiaceae;g__Ga0077555;s__	taxonomic classification defined by topology and ANI	N/A	GCF_900117415.1, s__Ga0077555 sp900117415, 95.0, 83.88, 0.9; GCA_001464655.1, s__Ga0077555 sp001464655, 95.0, 83.29, 0.83; GCA_001464855.1, s__Ga0077555 sp001464855, 95.0, 79.49, 0.52; GCA_001464955.1, s__Ga0077555 sp001464955, 95.0, 77.25, 0.29; GCA_001464755.1, s__Ga0077555 sp001464755, 95.0, 76.89, 0.22	61.92	11	0.9751868967800329	Genome not assigned to closest species as it falls outside its pre-defined ANI radius
MAG18	d__Bacteria;p__Proteobacteria;c__Alphaproteobacteria;o__Parvibaculales;f__Parvibaculaceae;g__Parvibaculum;s__	N/A	N/A	N/A	N/A	N/A	N/A	N/A	N/A	N/A	N/A	d__Bacteria;p__Proteobacteria;c__Alphaproteobacteria;o__Parvibaculales;f__Parvibaculaceae;g__Parvibaculum;s__	ANI	N/A	GCA_002480495.1, s__Parvibaculum sp002480495, 95.0, 79.8, 0.62; GCA_002694985.1, s__Parvibaculum sp002694985, 95.0, 79.52, 0.55; GCA_002842875.1, s__Parvibaculum sp002842875, 95.0, 79.35, 0.54; GCF_000017565.1, s__Parvibaculum lavamentivorans, 95.0, 79.33, 0.6; GCA_002841195.1, s__Parvibaculum sp002841195, 95.0, 78.88, 0.45	87.1	11	0.9510503856360079	N/A
MAG01	d__Bacteria;p__Proteobacteria;c__Alphaproteobacteria;o__Caulobacterales;f__Hyphomonadaceae;g__SWB02;s__	N/A	N/A	N/A	N/A	N/A	GCA_003242075.1	95.0	d__Bacteria;p__Proteobacteria;c__Alphaproteobacteria;o__Caulobacterales;f__Hyphomonadaceae;g__SWB02;s__SWB02 sp003242075	79.04	0.44	d__Bacteria;p__Proteobacteria;c__Alphaproteobacteria;o__Caulobacterales;f__Hyphomonadaceae;g__SWB02;s__	taxonomic classification defined by topology and ANI	N/A	GCA_900696695.1, s__SWB02 sp900696695, 95.0, 80.32, 0.5; GCA_002083515.1, s__SWB02 sp002083515, 95.0, 79.2, 0.48; GCA_001464425.1, s__SWB02 sp001464425, 95.0, 78.72, 0.43; GCF_004634425.1, s__SWB02 sp004634425, 95.0, 78.59, 0.43; GCA_003526465.1, s__SWB02 sp003526465, 95.0, 78.33, 0.37; GCF_000974665.1, s__SWB02 sp000974665, 95.0, 78.1, 0.35; GCF_001679665.1, s__SWB02 sp001679665, 95.0, 78.02, 0.36; GCA_002343395.1, s__SWB02 sp002343395, 95.0, 77.49, 0.31	94.64	11	0.9702780183016378	N/A
MAG23	d__Bacteria;p__Proteobacteria;c__Alphaproteobacteria;o__Caulobacterales;f__Hyphomonadaceae;g__SWB02;s__	N/A	N/A	N/A	N/A	N/A	N/A	N/A	N/A	N/A	N/A	d__Bacteria;p__Proteobacteria;c__Alphaproteobacteria;o__Caulobacterales;f__Hyphomonadaceae;g__SWB02;s__	ANI	N/A	GCA_900696695.1, s__SWB02 sp900696695, 95.0, 79.3, 0.45; GCF_004634425.1, s__SWB02 sp004634425, 95.0, 78.93, 0.49; GCA_003242075.1, s__SWB02 sp003242075, 95.0, 78.91, 0.43; GCA_002083515.1, s__SWB02 sp002083515, 95.0, 78.74, 0.34; GCA_001464425.1, s__SWB02 sp001464425, 95.0, 78.64, 0.42; GCA_003526465.1, s__SWB02 sp003526465, 95.0, 78.16, 0.34; GCF_001679665.1, s__SWB02 sp001679665, 95.0, 78.07, 0.33; GCF_000974665.1, s__SWB02 sp000974665, 95.0, 78.01, 0.38; GCA_002343395.1, s__SWB02 sp002343395, 95.0, 77.27, 0.23	90.79	11	0.9380733133959747	N/A
MAG19	d__Bacteria;p__Proteobacteria;c__Alphaproteobacteria;o__Sphingomonadales;f__Sphingomonadaceae;g__Allosphingosinicella;s__	N/A	N/A	N/A	N/A	N/A	GCA_005883305.1	95.0	d__Bacteria;p__Proteobacteria;c__Alphaproteobacteria;o__Sphingomonadales;f__Sphingomonadaceae;g__Allosphingosinicella;s__Allosphingosinicella sp005883305	81.5	0.52	d__Bacteria;p__Proteobacteria;c__Alphaproteobacteria;o__Sphingomonadales;f__Sphingomonadaceae;g__Allosphingosinicella;s__	taxonomic classification defined by topology and ANI	N/A	GCF_003347635.1, s__Allosphingosinicella sp003347635, 95.0, 81.1, 0.59; GCF_900177405.1, s__Allosphingosinicella indica, 95.0, 80.9, 0.49; GCF_003129465.1, s__Allosphingosinicella sp003129465, 95.0, 80.46, 0.47; GCF_004564275.1, s__Allosphingosinicella sp004564275, 95.0, 80.27, 0.48; GCF_004151485.1, s__Allosphingosinicella sp004151485, 95.0, 80.23, 0.53; GCA_002344055.1, s__Allosphingosinicella sp002344055, 95.0, 80.08, 0.48; GCA_005882415.1, s__Allosphingosinicella sp005882415, 95.0, 80.0, 0.4; GCF_003012735.1, s__Allosphingosinicella sp003012735, 95.0, 79.51, 0.46; GCF_004135585.1, s__Allosphingosinicella sp004135585, 95.0, 79.44, 0.42; GCF_003012815.1, s__Allosphingosinicella vermicomposti, 95.0, 78.81, 0.36	91.59	11	0.9448334968019294	N/A
MAG30	d__Bacteria;p__Bacteroidota;c__Bacteroidia;o__Flavobacteriales;f__Flavobacteriaceae;g__;s__	N/A	N/A	N/A	N/A	N/A	N/A	N/A	N/A	N/A	N/A	d__Bacteria;p__Bacteroidota;c__Bacteroidia;o__Flavobacteriales;f__Flavobacteriaceae;g__;s__	taxonomic classification fully defined by topology	N/A	N/A	98.41	11	0.8945613550263991	N/A
MAG04	d__Bacteria;p__Bacteroidota;c__Bacteroidia;o__Chitinophagales;f__Chitinophagaceae;g__46-32;s__	N/A	N/A	N/A	N/A	N/A	GCA_001898485.1	95.0	d__Bacteria;p__Bacteroidota;c__Bacteroidia;o__Chitinophagales;f__Chitinophagaceae;g__46-32;s__46-32 sp001898485	77.39	0.21	d__Bacteria;p__Bacteroidota;c__Bacteroidia;o__Chitinophagales;f__Chitinophagaceae;g__46-32;s__	taxonomic classification defined by topology and ANI	N/A	GCA_001898405.1, s__46-32 sp001898405, 95.0, 76.92, 0.14; GCA_004173255.1, s__46-32 sp004173255, 95.0, 76.66, 0.08; GCA_003243445.1, s__46-32 sp003243445, 95.0, 76.51, 0.1; GCA_004173355.1, s__46-32 sp004173355, 95.0, 76.33, 0.08	98.15	11	0.9591571574731291	N/A
MAG22	d__Bacteria;p__Bacteroidota;c__Bacteroidia;o__Chitinophagales;f__Chitinophagaceae;g__UBA2791;s__	N/A	N/A	N/A	N/A	N/A	GCA_002352105.1	95.0	d__Bacteria;p__Bacteroidota;c__Bacteroidia;o__Chitinophagales;f__Chitinophagaceae;g__UBA2791;s__UBA2791 sp002352105	76.86	0.11	d__Bacteria;p__Bacteroidota;c__Bacteroidia;o__Chitinophagales;f__Chitinophagaceae;g__;s__	taxonomic classification defined by topology and ANI	N/A	N/A	96.57	11	0.9337009463285924	N/A
MAG28	d__Bacteria;p__Verrucomicrobiota;c__Verrucomicrobiae;o__Opitutales;f__UBA2995;g__;s__	N/A	N/A	N/A	N/A	N/A	GCA_002346535.1	95.0	d__Bacteria;p__Verrucomicrobiota;c__Verrucomicrobiae;o__Opitutales;f__UBA2995;g__UBA2995;s__UBA2995 sp002346535	75.34	0.0	d__Bacteria;p__Verrucomicrobiota;c__Verrucomicrobiae;o__Opitutales;f__;g__;s__	taxonomic classification defined by topology and ANI	N/A	N/A	86.77	11	0.7441088558375593	N/A
